Box_1,Box_2,Box_3,Box_4,Score,Type,Accept
703.946716308594,26.5625,0.04962158203125,6.25,0.701927781105042,USV,1
3757.83569335938,28.4375,0.019287109375,11.5625,0.777111232280731,USV,1
3765.97998046875,25,0.055908203125,9.0625,0.911952018737793,USV,1
