Box_1,Box_2,Box_3,Box_4,Score,Type,Accept
697.388000488281,35,0.02880859375,7.8125,0.737787544727325,USV,1
1816.52734375,31.875,0.02734375,5.9375,0.713646769523621,USV,1
2477.25903320312,35.625,0.025634765625,5.625,0.762116968631744,USV,1
4293.49853515625,25,0.07666015625,28.125,0.707722961902618,USV,1
4893.3408203125,35.3125,0.04638671875,5.9375,0.781280219554901,USV,1
