Box_1,Box_2,Box_3,Box_4,Score,Type,Accept
314.029327392578,25,0.054412841796875,10,0.7594193816185,USV,1
922.736206054688,25.3125,0.0447998046875,9.0625,0.737904906272888,USV,1
1236.53186035156,25.625,0.03369140625,5.625,0.702010989189148,USV,1
1307.3046875,26.25,0.0416259765625,6.875,0.741378724575043,USV,1
1533.80493164062,25.3125,0.025634765625,8.75,0.752270519733429,USV,1
2637.9501953125,26.5625,0.030517578125,6.5625,0.806445181369781,USV,1
3586.39233398438,25.3125,0.0400390625,8.75,0.758016645908356,USV,1
4027.58227539062,26.5625,0.027099609375,5.625,0.702502071857452,USV,1
