Box_1,Box_2,Box_3,Box_4,Score,Type,Accept
160.624038696289,19.0625,0.0944061279296875,15.625,0.74952644109726,USV,1
586.371643066406,20,0.09918212890625,15.3125,0.72124582529068,USV,1
