Box_1,Box_2,Box_3,Box_4,Score,Type,Accept
87.30615234375,31.25,0.0319976806640625,7.5,0.701592326164246,USV,1
359.390289306641,33.125,0.02398681640625,9.375,0.723488688468933,USV,1
503.788665771484,31.25,0.02880859375,6.875,0.750282466411591,USV,1
