Box_1,Box_2,Box_3,Box_4,Score,Type,Accept
16.4480667114258,35.3125,0.02239990234375,5.625,0.705566823482513,USV,1
84.8676910400391,35.3125,0.0271987915039062,5.9375,0.751752197742462,USV,1
