Box_1,Box_2,Box_3,Box_4,Score,Type,Accept
288.046539306641,28.4375,0.05120849609375,6.875,0.717228949069977,USV,1
1020.45025634766,30.9375,0.02557373046875,4.375,0.710451424121857,USV,1
1484.0556640625,30.9375,0.025634765625,5.3125,0.709561467170715,USV,1
3795.96411132812,34.6875,0.04638671875,6.5625,0.72575831413269,USV,1
3858.48022460938,28.125,0.03515625,5.625,0.782678127288818,USV,1
5400.25341796875,35.625,0.0302734375,6.25,0.720205724239349,USV,1
6570.11328125,43.4375,0.025390625,4.0625,0.725354552268982,USV,1
7311.32177734375,36.25,0.02734375,5,0.725859820842743,USV,1
