Box_1,Box_2,Box_3,Box_4,Score,Type,Accept
88.072998046875,25.625,0.0192031860351562,8.4375,0.762377083301544,USV,1
191.102737426758,24.375,0.0511932373046875,11.25,0.735657453536987,USV,1
