Box_1,Box_2,Box_3,Box_4,Score,Type,Accept
1351.14013671875,33.125,0.0416259765625,9.6875,0.710789203643799,USV,1
