Box_1,Box_2,Box_3,Box_4,Score,Type,Accept
288.205871582031,26.25,0.1488037109375,6.5625,0.704092264175415,USV,1
290.447479248047,26.875,0.153594970703125,5,0.840094208717346,USV,1
291.224029541016,26.25,0.0592041015625,6.25,0.834502279758453,USV,1
294.619201660156,26.5625,0.049591064453125,5.3125,0.747542500495911,USV,1
