Box_1,Box_2,Box_3,Box_4,Score,Type,Accept
1107.89282226562,54.375,0.017578125,8.125,0.728131771087646,USV,1
3460.95166015625,36.5625,0.027099609375,5.3125,0.706137597560883,USV,1
4313.52783203125,38.125,0.025390625,5.625,0.714311420917511,USV,1
