Box_1,Box_2,Box_3,Box_4,Score,Type,Accept
727.088439941406,34.6875,0.0303955078125,5.625,0.700135052204132,USV,1
3466.87548828125,30,0.03369140625,6.5625,0.750418305397034,USV,1
7275.27978515625,48.4375,0.0224609375,4.375,0.722875773906708,USV,1
