Box_1,Box_2,Box_3,Box_4,Score,Type,Accept
5449.60107421875,35.9375,0.0400390625,7.1875,0.716158926486969,USV,1
