Box_1,Box_2,Box_3,Box_4,Score,Type,Accept
8.39627742767334,19.375,0.0944004058837891,15.625,0.708570897579193,USV,1
