Box_1,Box_2,Box_3,Box_4,Score,Type,Accept
1699.36169433594,50.3125,0.0528564453125,5.625,0.710231125354767,USV,1
3985.90405273438,43.125,0.030517578125,5.625,0.738867998123169,USV,1
