Box_1,Box_2,Box_3,Box_4,Score,Type,Accept
652.716369628906,35.625,0.0479736328125,5.3125,0.795377790927887,USV,1
