Box_1,Box_2,Box_3,Box_4,Score,Type,Accept
1256.93005371094,31.875,0.04638671875,6.875,0.744357049465179,USV,1
1783.86511230469,30.3125,0.0416259765625,9.6875,0.750240087509155,USV,1
1836.15979003906,30.9375,0.02880859375,6.25,0.716717660427094,USV,1
2607.013671875,48.75,0.027099609375,7.1875,0.708470821380615,USV,1
2845.40112304688,29.6875,0.044921875,9.375,0.719801008701324,USV,1
3074.2470703125,29.375,0.049560546875,8.4375,0.764135241508484,USV,1
3155.4541015625,30.625,0.044921875,7.8125,0.736350357532501,USV,1
3169.375,30.9375,0.044921875,7.8125,0.719347953796387,USV,1
4389.4228515625,28.4375,0.0478515625,11.5625,0.800414443016052,USV,1
