Box_1,Box_2,Box_3,Box_4,Score,Type,Accept
848.240600585938,27.5,0.043212890625,8.75,0.767986834049225,USV,1
1097.50952148438,46.875,0.147216796875,8.4375,0.715588808059692,USV,1
1466.35412597656,46.5625,0.049560546875,7.1875,0.710910141468048,USV,1
2660.17260742188,29.6875,0.044921875,9.375,0.722663342952728,USV,1
2671.95727539062,46.875,0.043212890625,7.1875,0.71269017457962,USV,1
3397.26025390625,28.75,0.04150390625,6.875,0.729776084423065,USV,1
4861.388671875,48.4375,0.02734375,4.6875,0.7032830119133,USV,1
