Box_1,Box_2,Box_3,Box_4,Score,Type,Accept
1076.98693847656,44.375,0.020751953125,5.9375,0.70259040594101,USV,1
3009.94067382812,42.1875,0.02392578125,9.375,0.746505498886108,USV,1
3025.150390625,45.9375,0.020751953125,13.125,0.794374108314514,USV,1
4252.087890625,45,0.0224609375,16.875,0.760233104228973,USV,1
4252.40771484375,47.8125,0.025390625,10.9375,0.714877068996429,USV,1
5298.376953125,45.3125,0.0224609375,7.5,0.734803974628448,USV,1
