Box_1,Box_2,Box_3,Box_4,Score,Type,Accept
8.35533714294434,28.75,0.156800270080566,6.875,0.710339903831482,USV,1
29.1873645782471,28.75,0.216646194458008,6.875,0.708147823810577,USV,1
33.950325012207,29.375,0.203201293945312,5.9375,0.737529277801514,USV,1
54.4377059936523,28.4375,0.148799896240234,7.8125,0.733897805213928,USV,1
96.9580993652344,29.0625,0.147201538085938,6.5625,0.732110202312469,USV,1
