Box_1,Box_2,Box_3,Box_4,Score,Type,Accept
2190.2490234375,31.25,0.049560546875,5,0.826342523097992,USV,1
2195.5166015625,34.0625,0.08642578125,9.0625,0.740353763103485,USV,1
2315.537109375,21.25,0.115234375,6.5625,0.718678116798401,USV,1
2380.37890625,36.875,0.052734375,5.3125,0.754155278205872,USV,1
3152.431640625,36.5625,0.055908203125,9.375,0.82204681634903,USV,1
5336.0673828125,46.5625,0.04638671875,7.5,0.705782771110535,USV,1
