Box_1,Box_2,Box_3,Box_4,Score,Type,Accept
3741.5107421875,29.0625,0.03515625,12.8125,0.822726786136627,USV,1
