Box_1,Box_2,Box_3,Box_4,Score,Type,Accept
3649.36767578125,33.75,0.02880859375,8.125,0.70845627784729,USV,1
3923.05029296875,27.1875,0.0224609375,5,0.722773790359497,USV,1
