Box_1,Box_2,Box_3,Box_4,Score,Type,Accept
58.418285369873,28.75,0.0463981628417969,18.75,0.755799412727356,USV,1
1331.50354003906,30.3125,0.0400390625,7.5,0.718588173389435,USV,1
2666.0517578125,25.3125,0.043212890625,18.4375,0.729652464389801,USV,1
2938.15747070312,28.4375,0.04638671875,15,0.784551024436951,USV,1
7522.697265625,29.375,0.115234375,7.5,0.742593586444855,USV,1
