Box_1,Box_2,Box_3,Box_4,Score,Type,Accept
312.513336181641,77.8125,0.033599853515625,5.625,0.705504655838013,USV,1
