Box_1,Box_2,Box_3,Box_4,Score,Type,Accept
374.219604492188,41.5625,0.048004150390625,7.8125,0.727276623249054,USV,1
