Box_1,Box_2,Box_3,Box_4,Score,Type,Accept
255.424057006836,44.6875,0.0207977294921875,8.4375,0.770355820655823,USV,1
255.72819519043,42.8125,0.02239990234375,14.0625,0.755650103092194,USV,1
256.128204345703,43.125,0.02252197265625,13.4375,0.793723106384277,USV,1
