Box_1,Box_2,Box_3,Box_4,Score,Type,Accept
594.543273925781,34.375,0.02880859375,5.3125,0.759906232357025,USV,1
