Box_1,Box_2,Box_3,Box_4,Score,Type,Accept
3685.24951171875,27.5,0.04638671875,7.1875,0.858655750751495,USV,1
3752.87377929688,29.375,0.025634765625,5,0.724059998989105,USV,1
3996.79028320312,38.4375,0.059326171875,13.75,0.761537849903107,USV,1
4219.931640625,27.8125,0.05126953125,7.1875,0.769690811634064,USV,1
4242.6494140625,27.8125,0.0673828125,12.8125,0.771207630634308,USV,1
4965.9794921875,30.9375,0.05615234375,9.0625,0.781103372573853,USV,1
5367.92041015625,28.4375,0.025390625,4.0625,0.700650095939636,USV,1
