Box_1,Box_2,Box_3,Box_4,Score,Type,Accept
347.335571289062,33.75,0.0447998046875,7.8125,0.702389776706696,USV,1
1942.22937011719,35.3125,0.020751953125,4.6875,0.829910933971405,USV,1
2918.962890625,34.6875,0.04638671875,6.25,0.768658339977264,USV,1
3147.82641601562,35,0.031982421875,5.625,0.70721960067749,USV,1
