Box_1,Box_2,Box_3,Box_4,Score,Type,Accept
46.1289901733398,27.5,0.0912017822265625,12.5,0.793839991092682,USV,1
169.739715576172,30.625,0.0303955078125,5.3125,0.709149301052094,USV,1
275.028839111328,27.1875,0.043212890625,7.8125,0.705989420413971,USV,1
