Box_1,Box_2,Box_3,Box_4,Score,Type,Accept
66.0573196411133,33.4375,0.0288009643554688,7.5,0.756911933422089,USV,1
70.7779693603516,34.375,0.0288009643554688,5.625,0.70136022567749,USV,1
110.87718963623,25.9375,0.0367965698242188,9.6875,0.703578472137451,USV,1
127.577842712402,43.4375,0.0319976806640625,5.625,0.72505521774292,USV,1
221.772689819336,35.3125,0.0303955078125,5.3125,0.731009542942047,USV,1
224.132217407227,34.6875,0.041595458984375,5.625,0.737031042575836,USV,1
226.100616455078,35,0.025604248046875,5,0.793667316436768,USV,1
259.522003173828,35.9375,0.02398681640625,4.6875,0.708175539970398,USV,1
