Box_1,Box_2,Box_3,Box_4,Score,Type,Accept
314.047302246094,30.3125,0.041595458984375,6.875,0.705243229866028,USV,1
