Box_1,Box_2,Box_3,Box_4,Score,Type,Accept
381.125915527344,44.0625,0.017608642578125,10,0.822724044322968,USV,1
384.481719970703,43.125,0.041595458984375,5.9375,0.72029572725296,USV,1
384.745727539062,43.4375,0.043212890625,6.875,0.700138926506042,USV,1
384.907318115234,42.8125,0.04644775390625,6.5625,0.70483672618866,USV,1
385.070587158203,42.1875,0.049591064453125,6.5625,0.747350037097931,USV,1
