Box_1,Box_2,Box_3,Box_4,Score,Type,Accept
296.092071533203,26.875,0.02239990234375,7.8125,0.708579361438751,USV,1
2853.56640625,28.125,0.031982421875,5,0.705078601837158,USV,1
