Box_1,Box_2,Box_3,Box_4,Score,Type,Accept
93.7454452514648,30.625,0.0447998046875,5.9375,0.749742209911346,USV,1
