Box_1,Box_2,Box_3,Box_4,Score,Type,Accept
881.595886230469,33.125,0.0272216796875,9.6875,0.747389435768127,USV,1
4748.2646484375,40.625,0.0224609375,10.625,0.705580294132233,USV,1
5478.27197265625,31.875,0.02099609375,6.5625,0.725863695144653,USV,1
7564.68505859375,36.25,0.04296875,6.25,0.74670022726059,USV,1
