Box_1,Box_2,Box_3,Box_4,Score,Type,Accept
198.091903686523,25.9375,0.0511932373046875,9.375,0.771200478076935,USV,1
631.647338867188,57.5,0.0272216796875,5,0.754670262336731,USV,1
3228.26489257812,29.6875,0.044921875,10.9375,0.750283598899841,USV,1
3384.6201171875,30.9375,0.027099609375,5.9375,0.701474845409393,USV,1
