Box_1,Box_2,Box_3,Box_4,Score,Type,Accept
844.622802734375,29.6875,0.01922607421875,4.375,0.715411245822906,USV,1
1126.03247070312,36.5625,0.02880859375,6.25,0.703966796398163,USV,1
1522.08178710938,31.25,0.0367431640625,13.125,0.756211340427399,USV,1
3919.4423828125,47.1875,0.030517578125,5.9375,0.703596234321594,USV,1
