Box_1,Box_2,Box_3,Box_4,Score,Type,Accept
592.576171875,35,0.02880859375,13.4375,0.701429069042206,USV,1
