Box_1,Box_2,Box_3,Box_4,Score,Type,Accept
157.087661743164,40.3125,0.0399932861328125,5.3125,0.768711566925049,USV,1
844.701904296875,30.3125,0.02557373046875,6.25,0.731009960174561,USV,1
