Box_1,Box_2,Box_3,Box_4,Score,Type,Accept
401.936065673828,24.6875,0.092803955078125,13.75,0.702494859695435,USV,1
2593.25610351562,21.875,0.0927734375,18.125,0.810377895832062,USV,1
4274.6533203125,24.0625,0.08984375,12.5,0.741506695747375,USV,1
