Box_1,Box_2,Box_3,Box_4,Score,Type,Accept
1566.044921875,35,0.0416259765625,6.25,0.722862362861633,USV,1
2658.400390625,35.3125,0.02880859375,5.3125,0.75773674249649,USV,1
5716.58837890625,26.25,0.1025390625,11.25,0.708707392215729,USV,1
7367.59619140625,28.75,0.044921875,6.25,0.825073301792145,USV,1
7367.7724609375,27.5,0.05615234375,7.5,0.734663009643555,USV,1
