Box_1,Box_2,Box_3,Box_4,Score,Type,Accept
2447.4716796875,30.3125,0.02392578125,6.5625,0.792653739452362,USV,1
4247.51708984375,36.875,0.025390625,5,0.713486075401306,USV,1
