Box_1,Box_2,Box_3,Box_4,Score,Type,Accept
1587.6201171875,25.625,0.043212890625,9.0625,0.741120100021362,USV,1
2295.89721679688,20,0.1201171875,15.625,0.75789475440979,USV,1
3906.80541992188,21.875,0.09130859375,16.25,0.766525983810425,USV,1
4029.35400390625,24.0625,0.08154296875,12.1875,0.72532457113266,USV,1
4945.4658203125,19.0625,0.07666015625,16.5625,0.700351595878601,USV,1
5280.93505859375,47.8125,0.0478515625,6.5625,0.712271511554718,USV,1
5606.2685546875,24.0625,0.08642578125,13.125,0.726840376853943,USV,1
