Box_1,Box_2,Box_3,Box_4,Score,Type,Accept
82.1146011352539,28.125,0.0306396484375,5.625,0.730506062507629,USV,1
96.232048034668,27.1875,0.0304031372070312,6.25,0.790535748004913,USV,1
115.144134521484,27.5,0.0304031372070312,5.625,0.737224221229553,USV,1
218.951950073242,26.5625,0.0322418212890625,6.5625,0.703616321086884,USV,1
273.215026855469,27.5,0.02880859375,5.625,0.718981504440308,USV,1
335.473052978516,35.3125,0.02239990234375,5.625,0.705430448055267,USV,1
362.870422363281,27.8125,0.027191162109375,5.625,0.711621344089508,USV,1
379.385864257812,27.1875,0.02398681640625,6.25,0.761919736862183,USV,1
485.547119140625,26.875,0.03839111328125,7.5,0.729872107505798,USV,1
