Box_1,Box_2,Box_3,Box_4,Score,Type,Accept
1903.16271972656,35.625,0.0272216796875,6.875,0.707991898059845,USV,1
2072.17431640625,36.25,0.030517578125,5,0.722367227077484,USV,1
2101.3505859375,48.4375,0.027099609375,5,0.721321642398834,USV,1
2287.7216796875,48.75,0.030517578125,5.3125,0.701560020446777,USV,1
