Box_1,Box_2,Box_3,Box_4,Score,Type,Accept
2350.95825195312,30.9375,0.02392578125,14.0625,0.729813456535339,USV,1
4856.15478515625,31.875,0.0400390625,14.6875,0.719622373580933,USV,1
