Box_1,Box_2,Box_3,Box_4,Score,Type,Accept
3190.072265625,44.0625,0.025634765625,5,0.780336916446686,USV,1
