Box_1,Box_2,Box_3,Box_4,Score,Type,Accept
1019.64068603516,37.1875,0.02239990234375,9.0625,0.720207035541534,USV,1
1141.6708984375,25.9375,0.0224609375,7.8125,0.720199406147003,USV,1
3381.9033203125,34.6875,0.020751953125,8.75,0.737011313438416,USV,1
4208.87939453125,30.3125,0.0224609375,6.875,0.713276863098145,USV,1
5474.10205078125,39.375,0.0224609375,11.875,0.750550925731659,USV,1
