Box_1,Box_2,Box_3,Box_4,Score,Type,Accept
2.42456245422363,29.0625,0.0522716045379639,10.9375,0.770457088947296,USV,1
15.2892560958862,30,0.0399999618530273,8.75,0.834976255893707,USV,1
20.2541160583496,28.75,0.0480003356933594,11.5625,0.772048354148865,USV,1
23.7389621734619,30.9375,0.0415992736816406,7.5,0.704659163951874,USV,1
