Box_1,Box_2,Box_3,Box_4,Score,Type,Accept
5712.12744140625,35,0.02734375,6.5625,0.765122294425964,USV,1
6039.123046875,30.625,0.025390625,9.0625,0.769013047218323,USV,1
