Box_1,Box_2,Box_3,Box_4,Score,Type,Accept
4087.095703125,33.4375,0.05126953125,10,0.76652604341507,USV,1
