Box_1,Box_2,Box_3,Box_4,Score,Type,Accept
328.229736328125,35.625,0.02081298828125,6.5625,0.715242087841034,USV,1
