Box_1,Box_2,Box_3,Box_4,Score,Type,Accept
1020.09106445312,35.9375,0.02557373046875,6.875,0.724567532539368,USV,1
1713.00048828125,32.8125,0.02880859375,9.0625,0.704838514328003,USV,1
2624.47314453125,38.75,0.025634765625,7.5,0.736271679401398,USV,1
3237.28076171875,34.6875,0.0224609375,5.9375,0.77601569890976,USV,1
3349.63061523438,39.0625,0.02392578125,6.875,0.747191846370697,USV,1
3394.36254882812,34.0625,0.02392578125,10.3125,0.72380405664444,USV,1
3655.84155273438,32.1875,0.04638671875,13.125,0.706682682037354,USV,1
4101.568359375,34.6875,0.04638671875,10,0.795503079891205,USV,1
5537.80908203125,34.375,0.025390625,9.375,0.790950834751129,USV,1
