Box_1,Box_2,Box_3,Box_4,Score,Type,Accept
45.6769485473633,28.125,0.0704002380371094,14.0625,0.753131151199341,USV,1
