Box_1,Box_2,Box_3,Box_4,Score,Type,Accept
37.2650985717773,28.125,0.0415992736816406,11.875,0.747400522232056,USV,1
44.1167106628418,28.125,0.0471763610839844,12.5,0.744968235492706,USV,1
54.0353355407715,40.9375,0.0320014953613281,6.875,0.758111655712128,USV,1
54.1553382873535,40.625,0.0455741882324219,9.6875,0.852577209472656,USV,1
54.4217147827148,42.1875,0.02239990234375,5.625,0.809576392173767,USV,1
79.4258728027344,28.4375,0.0319976806640625,6.5625,0.730609238147736,USV,1
