Box_1,Box_2,Box_3,Box_4,Score,Type,Accept
7757.0693359375,42.5,0.01904296875,12.5,0.720230877399445,USV,1
