Box_1,Box_2,Box_3,Box_4,Score,Type,Accept
5321.697265625,45.625,0.025390625,9.0625,0.706327736377716,USV,1
5787.779296875,30,0.044921875,8.125,0.71704763174057,USV,1
