Box_1,Box_2,Box_3,Box_4,Score,Type,Accept
5.24403810501099,44.0625,0.0347356796264648,6.25,0.718919038772583,USV,1
5.76631021499634,42.8125,0.0432000160217285,8.4375,0.717678368091583,USV,1
6.20264673233032,40.9375,0.0384001731872559,11.25,0.824940085411072,USV,1
6.64378261566162,43.125,0.0320000648498535,6.25,0.716444969177246,USV,1
7.20491886138916,43.75,0.0288000106811523,5.625,0.742353975772858,USV,1
9.83687210083008,29.6875,0.0464000701904297,7.1875,0.77274078130722,USV,1
