Box_1,Box_2,Box_3,Box_4,Score,Type,Accept
330.588928222656,28.4375,0.05120849609375,6.5625,0.73454338312149,USV,1
370.603790283203,46.25,0.02398681640625,5.625,0.714713275432587,USV,1
