Box_1,Box_2,Box_3,Box_4,Score,Type,Accept
3131.865234375,42.1875,0.043212890625,8.75,0.703790962696075,USV,1
