Box_1,Box_2,Box_3,Box_4,Score,Type,Accept
3255.6748046875,43.4375,0.02392578125,4.6875,0.738588631153107,USV,1
