Box_1,Box_2,Box_3,Box_4,Score,Type,Accept
7.07702541351318,49.375,0.0255999565124512,5.625,0.716178297996521,USV,1
21.2331523895264,26.875,0.0287990570068359,5.625,0.719029068946838,USV,1
158.070541381836,49.375,0.025604248046875,5.625,0.711867094039917,USV,1
