Box_1,Box_2,Box_3,Box_4,Score,Type,Accept
77.847785949707,35.625,0.0400009155273438,5.9375,0.726690948009491,USV,1
155.484359741211,42.8125,0.0272064208984375,7.1875,0.76039457321167,USV,1
155.674911499023,41.875,0.0287933349609375,9.375,0.717557907104492,USV,1
156.800003051758,43.75,0.0240020751953125,6.5625,0.717036843299866,USV,1
157.099349975586,43.125,0.02239990234375,7.5,0.714766979217529,USV,1
297.272521972656,35,0.025604248046875,5.625,0.712036073207855,USV,1
747.896118164062,34.6875,0.0272216796875,5.625,0.711154997348785,USV,1
