Box_1,Box_2,Box_3,Box_4,Score,Type,Accept
994.043579101562,26.5625,0.0303955078125,6.25,0.727265596389771,USV,1
2021.70190429688,30.625,0.0191650390625,7.5,0.733184158802032,USV,1
2609.27197265625,30.3125,0.049560546875,9.0625,0.735117614269257,USV,1
3078.33666992188,30.625,0.044921875,7.5,0.709470391273499,USV,1
6325.90087890625,30.625,0.0576171875,8.75,0.700835108757019,USV,1
7860.134765625,31.875,0.02734375,5.9375,0.705929100513458,USV,1
8416.9384765625,30.625,0.0478515625,8.125,0.723694145679474,USV,1
8530.8671875,30.625,0.0400390625,9.0625,0.762620270252228,USV,1
