Box_1,Box_2,Box_3,Box_4,Score,Type,Accept
50.0373802185059,31.875,0.0239982604980469,5.3125,0.736289501190186,USV,1
257.782196044922,30.3125,0.02880859375,5,0.769831120967865,USV,1
258.179016113281,28.75,0.049591064453125,6.875,0.757804691791534,USV,1
3895.68383789062,35,0.0224609375,8.75,0.701693952083588,USV,1
4202.58642578125,31.25,0.017578125,7.8125,0.747754275798798,USV,1
5664.4306640625,33.75,0.02734375,9.0625,0.707572638988495,USV,1
5973.47412109375,20,0.0400390625,20.625,0.763791143894196,USV,1
6675.79931640625,30.3125,0.03857421875,10.3125,0.724419474601746,USV,1
8214.9453125,30.9375,0.046875,6.5625,0.733084082603455,USV,1
