Box_1,Box_2,Box_3,Box_4,Score,Type,Accept
348.999267578125,31.875,0.04638671875,6.875,0.705521702766418,USV,1
854.061157226562,30.3125,0.0447998046875,8.4375,0.723491549491882,USV,1
2650.4755859375,31.25,0.043212890625,8.125,0.725689768791199,USV,1
4615.88427734375,31.5625,0.0478515625,7.8125,0.704854905605316,USV,1
4845.41162109375,33.4375,0.0224609375,8.4375,0.712502896785736,USV,1
6217.71728515625,30,0.04150390625,8.125,0.717222034931183,USV,1
