Box_1,Box_2,Box_3,Box_4,Score,Type,Accept
1090.49304199219,37.1875,0.02880859375,7.8125,0.705594301223755,USV,1
