Box_1,Box_2,Box_3,Box_4,Score,Type,Accept
8054.482421875,34.6875,0.0224609375,14.0625,0.700117945671082,USV,1
