Box_1,Box_2,Box_3,Box_4,Score,Type,Accept
473.824462890625,49.6875,0.025604248046875,5.9375,0.731441855430603,USV,1
1590.05810546875,36.875,0.025634765625,8.4375,0.739415884017944,USV,1
2443.39013671875,33.4375,0.02392578125,9.0625,0.732251167297363,USV,1
3906.7216796875,26.5625,0.025634765625,8.125,0.764829277992249,USV,1
4587.30078125,24.0625,0.0703125,14.375,0.785352528095245,USV,1
