Box_1,Box_2,Box_3,Box_4,Score,Type,Accept
1426.95422363281,30.625,0.0191650390625,8.4375,0.702168107032776,USV,1
3590.443359375,30.3125,0.04150390625,7.8125,0.71598869562149,USV,1
5434.72900390625,33.4375,0.01904296875,10.625,0.702686786651611,USV,1
5535.029296875,34.0625,0.02392578125,5.9375,0.746686279773712,USV,1
5621.8271484375,29.375,0.02392578125,10,0.700670063495636,USV,1
6282.13720703125,31.25,0.02734375,8.125,0.706718266010284,USV,1
8536.3056640625,32.8125,0.0283203125,10.3125,0.702147006988525,USV,1
