Box_1,Box_2,Box_3,Box_4,Score,Type,Accept
2974.15454101562,31.25,0.043212890625,6.875,0.708798825740814,USV,1
4364.0810546875,30,0.05419921875,9.0625,0.707150936126709,USV,1
4410.91845703125,30.9375,0.0224609375,6.5625,0.703956007957458,USV,1
5584.33203125,29.375,0.0478515625,9.6875,0.702349841594696,USV,1
6207.20849609375,33.125,0.04296875,8.75,0.755407214164734,USV,1
