Box_1,Box_2,Box_3,Box_4,Score,Type,Accept
1448.79602050781,28.4375,0.049560546875,7.5,0.703804969787598,USV,1
