Box_1,Box_2,Box_3,Box_4,Score,Type,Accept
1933.10888671875,26.875,0.031982421875,9.0625,0.724457144737244,USV,1
2192.63354492188,26.5625,0.030517578125,7.8125,0.712986648082733,USV,1
3082.08715820312,35.3125,0.030517578125,6.25,0.709349155426025,USV,1
3968.787109375,34.6875,0.04150390625,6.5625,0.796355843544006,USV,1
6538.46484375,26.25,0.04150390625,10.625,0.731584191322327,USV,1
6807.41845703125,26.25,0.02734375,5.9375,0.71768856048584,USV,1
8538.9638671875,37.1875,0.0224609375,8.4375,0.758372664451599,USV,1
