Box_1,Box_2,Box_3,Box_4,Score,Type,Accept
7036.11865234375,50.3125,0.02734375,5.3125,0.702953100204468,USV,1
