Box_1,Box_2,Box_3,Box_4,Score,Type,Accept
141.619216918945,28.75,0.048004150390625,6.25,0.706981718540192,USV,1
671.287109375,28.125,0.04962158203125,5.9375,0.77447098493576,USV,1
1390.93603515625,29.0625,0.0479736328125,5.3125,0.832576870918274,USV,1
3702.06884765625,34.0625,0.043212890625,14.0625,0.756732046604156,USV,1
3748.0927734375,38.125,0.02392578125,7.1875,0.704683661460876,USV,1
4231.46630859375,37.8125,0.04931640625,7.8125,0.711773991584778,USV,1
