Box_1,Box_2,Box_3,Box_4,Score,Type,Accept
121.152717590332,32.8125,0.0176010131835938,9.6875,0.726453185081482,USV,1
831.162475585938,33.75,0.02081298828125,8.4375,0.701091587543488,USV,1
