Box_1,Box_2,Box_3,Box_4,Score,Type,Accept
261.212646484375,49.0625,0.02880859375,9.375,0.718625009059906,USV,1
1442.05358886719,48.4375,0.031982421875,5.625,0.726381361484528,USV,1
2280.34326171875,29.0625,0.0224609375,11.5625,0.722975552082062,USV,1
4175.5732421875,32.1875,0.0224609375,5.3125,0.757969379425049,USV,1
4327.37841796875,32.5,0.04296875,9.6875,0.705204486846924,USV,1
4492.501953125,35.9375,0.02099609375,7.1875,0.703072369098663,USV,1
4789.2939453125,35.3125,0.0224609375,12.8125,0.727658689022064,USV,1
4948.05419921875,34.0625,0.02392578125,10,0.710304856300354,USV,1
6694.1181640625,35.3125,0.0224609375,6.875,0.765033543109894,USV,1
