Box_1,Box_2,Box_3,Box_4,Score,Type,Accept
42.4601211547852,27.1875,0.0354652404785156,5,0.711825609207153,USV,1
49.5385398864746,26.5625,0.0303993225097656,5.625,0.747589409351349,USV,1
73.135139465332,26.875,0.0288009643554688,5,0.705638885498047,USV,1
