Box_1,Box_2,Box_3,Box_4,Score,Type,Accept
1263.66430664062,45.9375,0.02880859375,6.5625,0.728684186935425,USV,1
1892.77087402344,32.5,0.0560302734375,5.625,0.832021772861481,USV,1
1898.58850097656,34.375,0.0447998046875,10.3125,0.702220320701599,USV,1
3338.7861328125,64.0625,0.04638671875,10,0.729125142097473,USV,1
5081.0078125,24.6875,0.02392578125,6.25,0.799035668373108,USV,1
5696.77685546875,44.375,0.04638671875,9.375,0.742291033267975,USV,1
6204.69921875,19.6875,0.0947265625,55.625,0.708154916763306,USV,1
