Box_1,Box_2,Box_3,Box_4,Score,Type,Accept
1511.62243652344,28.75,0.04638671875,10.3125,0.737594306468964,USV,1
1512.19995117188,33.125,0.0416259765625,5.9375,0.750989556312561,USV,1
6078.85498046875,48.4375,0.02880859375,4.6875,0.72059041261673,USV,1
