Box_1,Box_2,Box_3,Box_4,Score,Type,Accept
1487.20483398438,56.25,0.0191650390625,10.625,0.704402804374695,USV,1
1492.8037109375,55.625,0.025634765625,12.8125,0.707376062870026,USV,1
