Box_1,Box_2,Box_3,Box_4,Score,Type,Accept
184.563751220703,37.1875,0.0543975830078125,7.8125,0.786413788795471,USV,1
5547.568359375,29.6875,0.0322265625,7.1875,0.707677364349365,USV,1
6094.9091796875,46.5625,0.02392578125,7.8125,0.76028048992157,USV,1
6444.08642578125,35.625,0.033203125,5,0.740837156772614,USV,1
6967.85400390625,26.25,0.02880859375,6.25,0.749558568000793,USV,1
