Box_1,Box_2,Box_3,Box_4,Score,Type,Accept
898.869689941406,45.9375,0.02081298828125,15,0.768858373165131,USV,1
899.362487792969,44.6875,0.0272216796875,11.25,0.707893371582031,USV,1
1289.93981933594,43.75,0.0191650390625,10.9375,0.726693391799927,USV,1
