Box_1,Box_2,Box_3,Box_4,Score,Type,Accept
1371.23229980469,42.1875,0.04638671875,8.4375,0.708008646965027,USV,1
