Box_1,Box_2,Box_3,Box_4,Score,Type,Accept
177.546600341797,27.1875,0.03680419921875,8.4375,0.730202376842499,USV,1
668.267150878906,25.3125,0.0272216796875,8.125,0.750594973564148,USV,1
979.692199707031,27.8125,0.0272216796875,4.6875,0.78173166513443,USV,1
1048.11389160156,26.25,0.02880859375,6.875,0.727755904197693,USV,1
1279.32446289062,26.25,0.0303955078125,8.125,0.715062737464905,USV,1
1456.26953125,26.25,0.0303955078125,7.1875,0.747025907039642,USV,1
1611.98120117188,26.875,0.031982421875,9.375,0.701455235481262,USV,1
1647.33532714844,26.875,0.0272216796875,5,0.768306255340576,USV,1
1649.73071289062,26.25,0.031982421875,6.875,0.775133728981018,USV,1
