Box_1,Box_2,Box_3,Box_4,Score,Type,Accept
101.381820678711,29.375,0.0447998046875,11.875,0.773618578910828,USV,1
722.594848632812,34.6875,0.02557373046875,7.8125,0.810388386249542,USV,1
996.681396484375,35,0.0272216796875,6.875,0.706952154636383,USV,1
1231.71875,30.9375,0.025634765625,15.3125,0.713401973247528,USV,1
1274.87890625,29.0625,0.043212890625,12.5,0.735972583293915,USV,1
