Box_1,Box_2,Box_3,Box_4,Score,Type,Accept
80.2105026245117,25.625,0.0319976806640625,7.5,0.701596736907959,USV,1
464.170806884766,32.1875,0.135986328125,7.5,0.762064516544342,USV,1
