Box_1,Box_2,Box_3,Box_4,Score,Type,Accept
845.040222167969,31.25,0.04962158203125,6.875,0.774009943008423,USV,1
2694.1337890625,30,0.025634765625,7.1875,0.701222062110901,USV,1
3086.47583007812,27.5,0.02392578125,4.375,0.752698183059692,USV,1
3786.0888671875,30.3125,0.043212890625,8.4375,0.738861918449402,USV,1
7461.72998046875,30.625,0.044921875,7.8125,0.701464772224426,USV,1
7552.83349609375,30,0.02099609375,9.0625,0.727327346801758,USV,1
8201.32421875,30,0.04296875,10.625,0.722572326660156,USV,1
