Box_1,Box_2,Box_3,Box_4,Score,Type,Accept
7620.224609375,36.5625,0.02392578125,11.5625,0.761969745159149,USV,1
7804.8701171875,42.1875,0.1025390625,15.9375,0.724579453468323,USV,1
