Box_1,Box_2,Box_3,Box_4,Score,Type,Accept
5203.6767578125,35.625,0.04150390625,5.625,0.704134702682495,USV,1
5638.18408203125,35.9375,0.0302734375,5.9375,0.790728747844696,USV,1
6192.912109375,35.9375,0.0478515625,6.5625,0.733343601226807,USV,1
8423.2548828125,43.75,0.0283203125,6.5625,0.756886184215546,USV,1
