Box_1,Box_2,Box_3,Box_4,Score,Type,Accept
2015.98010253906,60.3125,0.049560546875,7.8125,0.726195812225342,USV,1
3288.81518554688,61.5625,0.054443359375,6.5625,0.705927312374115,USV,1
