Box_1,Box_2,Box_3,Box_4,Score,Type,Accept
968.740966796875,30.3125,0.0623779296875,6.25,0.768107652664185,USV,1
1779.59753417969,28.125,0.0479736328125,11.5625,0.788023710250854,USV,1
1784.09228515625,29.0625,0.0576171875,10.3125,0.832038879394531,USV,1
1785.01721191406,29.375,0.049560546875,10.3125,0.742099940776825,USV,1
1873.21997070312,30,0.049560546875,9.6875,0.82689380645752,USV,1
3254.27514648438,29.6875,0.02392578125,10.625,0.776152908802032,USV,1
3537.06396484375,34.375,0.02392578125,8.75,0.714729785919189,USV,1
3891.90405273438,46.5625,0.025634765625,5.9375,0.705067276954651,USV,1
