Box_1,Box_2,Box_3,Box_4,Score,Type,Accept
13.2358646392822,26.5625,0.030400276184082,7.8125,0.755560338497162,USV,1
197.254959106445,26.5625,0.0431976318359375,6.5625,0.724052727222443,USV,1
251.526580810547,27.5,0.0272064208984375,5,0.770551443099976,USV,1
381.285278320312,26.875,0.030426025390625,6.5625,0.752755224704742,USV,1
402.521575927734,27.1875,0.02880859375,5.625,0.731554627418518,USV,1
551.156433105469,26.5625,0.0303955078125,8.75,0.723161697387695,USV,1
662.040588378906,25.9375,0.0303955078125,7.5,0.79320216178894,USV,1
709.226989746094,28.125,0.02557373046875,5,0.725480198860168,USV,1
5293.3466796875,28.75,0.04150390625,11.25,0.771219730377197,USV,1
