Box_1,Box_2,Box_3,Box_4,Score,Type,Accept
769.612182617188,68.75,0.02081298828125,10,0.724025309085846,USV,1
2719.74365234375,39.375,0.01611328125,8.125,0.726200520992279,USV,1
5094.76025390625,31.25,0.04296875,21.5625,0.740942299365997,USV,1
