Box_1,Box_2,Box_3,Box_4,Score,Type,Accept
3.99044919013977,28.75,0.152000188827515,6.875,0.726718366146088,USV,1
12.8268260955811,28.75,0.263471603393555,7.1875,0.738243699073792,USV,1
