Box_1,Box_2,Box_3,Box_4,Score,Type,Accept
471.499877929688,34.0625,0.025604248046875,7.8125,0.769916415214539,USV,1
4253.361328125,34.375,0.0224609375,9.0625,0.754310667514801,USV,1
4727.12060546875,55.625,0.02392578125,6.25,0.710204899311066,USV,1
4853.41650390625,43.125,0.02392578125,12.8125,0.709358155727386,USV,1
6698.54541015625,41.5625,0.0400390625,16.875,0.707059919834137,USV,1
7149.47021484375,27.8125,0.01904296875,7.5,0.757317364215851,USV,1
7185.72509765625,35.3125,0.02880859375,6.25,0.738799810409546,USV,1
