Box_1,Box_2,Box_3,Box_4,Score,Type,Accept
4.71441793441772,29.0625,0.0272002220153809,6.875,0.749590694904327,USV,1
158.068862915039,29.375,0.025604248046875,9.6875,0.714212119579315,USV,1
382.217346191406,29.375,0.0303955078125,5.9375,0.712432384490967,USV,1
