Box_1,Box_2,Box_3,Box_4,Score,Type,Accept
1663.07531738281,35.3125,0.0560302734375,6.5625,0.830859124660492,USV,1
1663.41455078125,36.875,0.04638671875,4.6875,0.783716320991516,USV,1
1665.91064453125,36.25,0.043212890625,6.25,0.799012064933777,USV,1
1666.36975097656,35.625,0.0560302734375,18.125,0.710580468177795,USV,1
1666.67858886719,34.375,0.0511474609375,7.8125,0.823839068412781,USV,1
