Box_1,Box_2,Box_3,Box_4,Score,Type,Accept
1074.62170410156,33.4375,0.0240478515625,7.1875,0.757649958133698,USV,1
1351.55407714844,31.875,0.025634765625,4.6875,0.708681702613831,USV,1
1937.78747558594,30.625,0.0400390625,9.375,0.728011190891266,USV,1
3171.06958007812,29.375,0.043212890625,10.9375,0.70469456911087,USV,1
3710.18310546875,32.8125,0.04638671875,8.75,0.712627291679382,USV,1
