Box_1,Box_2,Box_3,Box_4,Score,Type,Accept
139.913482666016,35.3125,0.025604248046875,7.5,0.708967208862305,USV,1
435.685546875,24.6875,0.041595458984375,20,0.708411514759064,USV,1
2048.60791015625,26.25,0.025634765625,8.125,0.708154261112213,USV,1
2646.33325195312,47.8125,0.044921875,10.625,0.719448566436768,USV,1
3245.60595703125,48.4375,0.02392578125,9.6875,0.744006454944611,USV,1
3833.0634765625,24.0625,0.0400390625,7.8125,0.72236305475235,USV,1
4012.37963867188,48.125,0.02392578125,9.375,0.743661403656006,USV,1
