Box_1,Box_2,Box_3,Box_4,Score,Type,Accept
155.323318481445,35.3125,0.0272064208984375,5,0.71815550327301,USV,1
