Box_1,Box_2,Box_3,Box_4,Score,Type,Accept
6.29151391983032,31.5625,0.0272002220153809,7.8125,0.717873930931091,USV,1
150.606170654297,34.6875,0.0272064208984375,5.3125,0.710436165332794,USV,1
544.605712890625,27.8125,0.02880859375,5.625,0.747237920761108,USV,1
669.642578125,27.8125,0.02880859375,6.5625,0.764459848403931,USV,1
1339.45153808594,34.375,0.02880859375,9.0625,0.717885375022888,USV,1
2153.19116210938,32.8125,0.025634765625,10.625,0.725008249282837,USV,1
4589.00830078125,38.125,0.02392578125,6.5625,0.739100873470306,USV,1
4858.20751953125,34.0625,0.02734375,7.8125,0.710432410240173,USV,1
