Box_1,Box_2,Box_3,Box_4,Score,Type,Accept
428.328186035156,54.375,0.02239990234375,13.4375,0.701769888401031,USV,1
5399.904296875,64.6875,0.0224609375,9.0625,0.714364886283875,USV,1
