Box_1,Box_2,Box_3,Box_4,Score,Type,Accept
22.8713207244873,34.375,0.0287990570068359,6.5625,0.730384707450867,USV,1
575.683410644531,28.4375,0.0736083984375,11.875,0.803084969520569,USV,1
