Box_1,Box_2,Box_3,Box_4,Score,Type,Accept
167.637145996094,47.1875,0.0287933349609375,5.3125,0.742343902587891,USV,1
