Box_1,Box_2,Box_3,Box_4,Score,Type,Accept
552.783264160156,28.4375,0.031982421875,6.5625,0.75785106420517,USV,1
