Box_1,Box_2,Box_3,Box_4,Score,Type,Accept
7813.72607421875,40,0.02880859375,5.3125,0.711210250854492,USV,1
