Box_1,Box_2,Box_3,Box_4,Score,Type,Accept
17.6042003631592,28.75,0.145599365234375,7.1875,0.715910613536835,USV,1
28.820104598999,28.75,0.221939086914062,7.1875,0.719048023223877,USV,1
42.8647842407227,28.75,0.15679931640625,7.1875,0.705716788768768,USV,1
54.7565689086914,28.75,0.200000762939453,7.1875,0.700940907001495,USV,1
64.1171722412109,28.75,0.164802551269531,6.875,0.707333922386169,USV,1
89.455696105957,28.75,0.143997192382812,7.5,0.712748110294342,USV,1
111.013687133789,28.75,0.287544250488281,7.1875,0.715929865837097,USV,1
145.615219116211,28.75,0.192001342773438,7.5,0.708569467067719,USV,1
149.168334960938,29.0625,0.155197143554688,6.5625,0.701330780982971,USV,1
