Box_1,Box_2,Box_3,Box_4,Score,Type,Accept
75.8166427612305,26.875,0.0383987426757812,17.8125,0.739502966403961,USV,1
