Box_1,Box_2,Box_3,Box_4,Score,Type,Accept
36.4422378540039,20.3125,0.105598449707031,14.6875,0.708145141601562,USV,1
