Box_1,Box_2,Box_3,Box_4,Score,Type,Accept
162.606689453125,37.8125,0.048004150390625,10,0.823511183261871,USV,1
