Box_1,Box_2,Box_3,Box_4,Score,Type,Accept
1182.23779296875,61.875,0.017578125,9.375,0.71808397769928,USV,1
2395.7509765625,39.6875,0.027099609375,5.9375,0.722006738185883,USV,1
3714.44482421875,35,0.02392578125,8.75,0.718112409114838,USV,1
5708.625,36.25,0.0224609375,11.5625,0.702238142490387,USV,1
7914.3896484375,35,0.04150390625,6.5625,0.705500364303589,USV,1
8006.39892578125,36.25,0.02734375,5.3125,0.763535797595978,USV,1
