Box_1,Box_2,Box_3,Box_4,Score,Type,Accept
290.450164794922,36.5625,0.0303955078125,5.3125,0.771158039569855,USV,1
