Box_1,Box_2,Box_3,Box_4,Score,Type,Accept
123.90064239502,29.375,0.0464019775390625,8.4375,0.738151490688324,USV,1
211.648864746094,30,0.041595458984375,9.6875,0.702357411384583,USV,1
459.338165283203,63.75,0.02239990234375,9.375,0.736909747123718,USV,1
613.642333984375,30.9375,0.0272216796875,5.9375,0.74556177854538,USV,1
899.248840332031,30.625,0.04638671875,7.8125,0.709596693515778,USV,1
2115.06787109375,30,0.052734375,8.75,0.708272457122803,USV,1
2156.17700195312,31.5625,0.027099609375,7.8125,0.733857035636902,USV,1
