Box_1,Box_2,Box_3,Box_4,Score,Type,Accept
2675.8134765625,63.4375,0.02392578125,11.5625,0.734257340431213,USV,1
5242.6787109375,60.625,0.0224609375,11.25,0.711825430393219,USV,1
5941.6357421875,65,0.02099609375,9.375,0.729838132858276,USV,1
