Box_1,Box_2,Box_3,Box_4,Score,Type,Accept
259.520904541016,27.5,0.032012939453125,7.1875,0.745209515094757,USV,1
