Box_1,Box_2,Box_3,Box_4,Score,Type,Accept
58.2476119995117,42.5,0.0463981628417969,6.5625,0.737324416637421,USV,1
641.740661621094,44.0625,0.043212890625,5.3125,0.747748017311096,USV,1
