Box_1,Box_2,Box_3,Box_4,Score,Type,Accept
2979.49633789062,44.375,0.049560546875,9.375,0.708598494529724,USV,1
4920.43017578125,20.9375,0.10546875,6.875,0.810752093791962,USV,1
