Box_1,Box_2,Box_3,Box_4,Score,Type,Accept
163.251342773438,42.8125,0.025604248046875,5.3125,0.731199622154236,USV,1
201.327545166016,41.25,0.0496063232421875,8.125,0.749839067459106,USV,1
309.907043457031,42.1875,0.048004150390625,7.5,0.732841312885284,USV,1
312.26708984375,43.75,0.040008544921875,5.3125,0.700449645519257,USV,1
390.0771484375,42.5,0.04638671875,6.5625,0.745674610137939,USV,1
416.079437255859,43.4375,0.032012939453125,5.3125,0.71394556760788,USV,1
465.576110839844,39.0625,0.0751953125,13.4375,0.708285570144653,USV,1
