Box_1,Box_2,Box_3,Box_4,Score,Type,Accept
69.6104125976562,30,0.0416030883789062,9.375,0.710499405860901,USV,1
873.4677734375,33.125,0.0416259765625,8.125,0.728316128253937,USV,1
2730.87182617188,33.75,0.049560546875,8.125,0.716013729572296,USV,1
3520.79614257812,30.3125,0.044921875,8.4375,0.764880120754242,USV,1
3824.84765625,29.6875,0.0224609375,8.75,0.701011836528778,USV,1
5061.69091796875,30.625,0.04638671875,8.125,0.714504659175873,USV,1
6790.47607421875,29.0625,0.02099609375,10.625,0.80710780620575,USV,1
7024.59375,29.375,0.05126953125,8.125,0.724116086959839,USV,1
8086.546875,29.375,0.04296875,9.6875,0.760038077831268,USV,1
