Box_1,Box_2,Box_3,Box_4,Score,Type,Accept
833.667785644531,45.3125,0.0479736328125,8.4375,0.70600301027298,USV,1
1239.43286132812,26.25,0.0367431640625,6.5625,0.70793741941452,USV,1
1447.10144042969,45.625,0.0272216796875,8.125,0.702211499214172,USV,1
1496.64880371094,43.125,0.025634765625,5,0.720234513282776,USV,1
2230.73852539062,36.5625,0.05126953125,5.3125,0.854421615600586,USV,1
3940.87377929688,25.625,0.030517578125,9.0625,0.731820285320282,USV,1
