Box_1,Box_2,Box_3,Box_4,Score,Type,Accept
85.6666793823242,29.375,0.0447998046875,5.625,0.764949560165405,USV,1
87.2849578857422,25.9375,0.0400009155273438,8.125,0.739370703697205,USV,1
377.488586425781,26.875,0.0447998046875,9.375,0.723073542118073,USV,1
408.154327392578,28.75,0.032012939453125,5.625,0.705493927001953,USV,1
427.027923583984,27.8125,0.02880859375,5.9375,0.713325500488281,USV,1
452.97021484375,25.625,0.041595458984375,11.25,0.752426326274872,USV,1
