Box_1,Box_2,Box_3,Box_4,Score,Type,Accept
2740.37817382812,25,0.0703125,11.5625,0.80714625120163,USV,1
5733.74560546875,46.5625,0.02734375,6.875,0.725147187709808,USV,1
