Box_1,Box_2,Box_3,Box_4,Score,Type,Accept
364.271148681641,42.1875,0.041595458984375,7.8125,0.761243939399719,USV,1
