Box_1,Box_2,Box_3,Box_4,Score,Type,Accept
2022.16271972656,36.25,0.0623779296875,5.9375,0.701762497425079,USV,1
2123.85522460938,29.375,0.052734375,5,0.71805077791214,USV,1
2126.93041992188,29.0625,0.067138671875,5.3125,0.714271187782288,USV,1
5271.23583984375,30.625,0.04150390625,6.25,0.707026839256287,USV,1
5277.4326171875,30.9375,0.05126953125,6.5625,0.803483486175537,USV,1
5610.01708984375,29.0625,0.0478515625,5,0.754298090934753,USV,1
6518.5078125,33.125,0.05615234375,10,0.718180179595947,USV,1
