Box_1,Box_2,Box_3,Box_4,Score,Type,Accept
533.825012207031,69.0625,0.0303955078125,6.5625,0.705154240131378,USV,1
1939.47644042969,30.9375,0.0240478515625,5.3125,0.734320521354675,USV,1
4744.95947265625,28.125,0.01904296875,6.875,0.723480105400085,USV,1
