Box_1,Box_2,Box_3,Box_4,Score,Type,Accept
213.357238769531,30.3125,0.025604248046875,6.25,0.768373191356659,USV,1
278.115997314453,32.1875,0.025604248046875,5,0.702907145023346,USV,1
325.077453613281,27.5,0.041595458984375,5.9375,0.738599717617035,USV,1
