Box_1,Box_2,Box_3,Box_4,Score,Type,Accept
9.73779773712158,32.5,0.0271997451782227,4.6875,0.713834643363953,USV,1
34.0694847106934,31.25,0.0288009643554688,5.3125,0.705970644950867,USV,1
118.592796325684,28.75,0.0543975830078125,6.875,0.808804988861084,USV,1
119.48641204834,30,0.0543975830078125,6.5625,0.743844985961914,USV,1
124.10050201416,30,0.055999755859375,6.25,0.705077528953552,USV,1
