Box_1,Box_2,Box_3,Box_4,Score,Type,Accept
81.7581558227539,30.9375,0.0240020751953125,5.625,0.766852080821991,USV,1
