Box_1,Box_2,Box_3,Box_4,Score,Type,Accept
5212.87353515625,45.9375,0.04296875,7.8125,0.700588583946228,USV,1
7864.142578125,45.9375,0.0478515625,8.75,0.709030568599701,USV,1
