Box_1,Box_2,Box_3,Box_4,Score,Type,Accept
146.638641357422,31.25,0.02239990234375,9.0625,0.721138417720795,USV,1
