Box_1,Box_2,Box_3,Box_4,Score,Type,Accept
5405.1220703125,34.6875,0.0400390625,15.9375,0.723362386226654,USV,1
