Box_1,Box_2,Box_3,Box_4,Score,Type,Accept
3125.67626953125,41.875,0.0224609375,5.625,0.752583563327789,USV,1
