Box_1,Box_2,Box_3,Box_4,Score,Type,Accept
140.980072021484,29.375,0.0447998046875,18.125,0.708705067634583,USV,1
1832.42736816406,26.875,0.0400390625,9.6875,0.722055673599243,USV,1
1836.49475097656,26.875,0.0528564453125,8.4375,0.826356649398804,USV,1
5469.5498046875,23.4375,0.140625,6.25,0.7021564245224,USV,1
5469.93701171875,23.75,0.05908203125,5.9375,0.763870656490326,USV,1
5472.71630859375,21.5625,0.125,18.75,0.701606333255768,USV,1
5474.06005859375,22.1875,0.1904296875,9.375,0.752408921718597,USV,1
5475.23779296875,22.1875,0.21337890625,7.8125,0.749806344509125,USV,1
5477.3115234375,23.125,0.248046875,7.5,0.837016582489014,USV,1
