Box_1,Box_2,Box_3,Box_4,Score,Type,Accept
3881.65478515625,33.75,0.025634765625,8.125,0.770914971828461,USV,1
5379.51708984375,33.125,0.02392578125,9.375,0.708808600902557,USV,1
5821.66943359375,34.0625,0.01904296875,8.75,0.714534044265747,USV,1
6427.5390625,31.5625,0.0224609375,6.875,0.720416963100433,USV,1
6548.14501953125,49.375,0.025390625,9.0625,0.702215433120728,USV,1
6840.6923828125,29.375,0.01904296875,10.625,0.703557014465332,USV,1
7382.00439453125,25,0.02734375,11.25,0.724300146102905,USV,1
