Box_1,Box_2,Box_3,Box_4,Score,Type,Accept
675.413696289062,36.5625,0.02880859375,5.3125,0.747516572475433,USV,1
2822.37109375,48.4375,0.02880859375,5,0.74739807844162,USV,1
3532.52001953125,47.8125,0.025634765625,5.625,0.701725363731384,USV,1
