Box_1,Box_2,Box_3,Box_4,Score,Type,Accept
3712.20776367188,31.25,0.027099609375,5.9375,0.751743078231812,USV,1
4630.3720703125,31.875,0.0400390625,11.25,0.790869295597076,USV,1
4665.16748046875,35.9375,0.025390625,5.625,0.765295147895813,USV,1
4699.2939453125,29.375,0.0400390625,13.125,0.718284249305725,USV,1
5131.0185546875,26.875,0.03857421875,15.3125,0.705758094787598,USV,1
5538.4140625,32.5,0.01904296875,6.5625,0.701785743236542,USV,1
