Box_1,Box_2,Box_3,Box_4,Score,Type,Accept
2.23100829124451,28.75,0.0255999565124512,7.5,0.756279587745667,USV,1
6.59541654586792,27.8125,0.052800178527832,11.875,0.869914352893829,USV,1
11.9278678894043,30.3125,0.0522804260253906,9.6875,0.729652643203735,USV,1
13.7876720428467,33.75,0.0447998046875,6.25,0.729870021343231,USV,1
