Box_1,Box_2,Box_3,Box_4,Score,Type,Accept
280.747039794922,25.625,0.03839111328125,11.25,0.789614140987396,USV,1
460.069610595703,26.5625,0.027191162109375,5.9375,0.707728207111359,USV,1
667.680480957031,26.875,0.02557373046875,5.9375,0.726534068584442,USV,1
719.573608398438,27.8125,0.03997802734375,12.1875,0.760689198970795,USV,1
1125.24597167969,27.8125,0.0528564453125,5.3125,0.754056036472321,USV,1
1181.73303222656,27.5,0.05908203125,5.9375,0.769617140293121,USV,1
3511.62548828125,60.3125,0.017578125,9.0625,0.725281238555908,USV,1
4180.66943359375,26.875,0.02392578125,5.625,0.736319780349731,USV,1
4305.7001953125,26.875,0.0478515625,6.875,0.744326174259186,USV,1
