Box_1,Box_2,Box_3,Box_4,Score,Type,Accept
32.0533485412598,25.3125,0.0447998046875,10.625,0.702159583568573,USV,1
