Box_1,Box_2,Box_3,Box_4,Score,Type,Accept
2095.3134765625,45.9375,0.02392578125,5.625,0.746013045310974,USV,1
2859.72534179688,43.75,0.0400390625,6.5625,0.720838725566864,USV,1
3338.66650390625,26.5625,0.031982421875,5.625,0.765885531902313,USV,1
4216.3212890625,46.5625,0.03564453125,5.9375,0.736242234706879,USV,1
