Box_1,Box_2,Box_3,Box_4,Score,Type,Accept
308.670532226562,36.875,0.027191162109375,5.3125,0.701880574226379,USV,1
988.150268554688,36.5625,0.03363037109375,5.625,0.740225911140442,USV,1
3069.04663085938,35.3125,0.025634765625,5.625,0.808547616004944,USV,1
