Box_1,Box_2,Box_3,Box_4,Score,Type,Accept
3570.89428710938,50.625,0.027099609375,4.6875,0.721020758152008,USV,1
7047.70458984375,34.6875,0.0302734375,5,0.70165342092514,USV,1
