Box_1,Box_2,Box_3,Box_4,Score,Type,Accept
188.734283447266,42.5,0.0511932373046875,6.25,0.747201442718506,USV,1
264.232269287109,42.8125,0.0447998046875,6.25,0.721196472644806,USV,1
358.611328125,41.25,0.027191162109375,7.8125,0.762457132339478,USV,1
