Box_1,Box_2,Box_3,Box_4,Score,Type,Accept
85.3540954589844,24.0625,0.0479965209960938,11.5625,0.704204618930817,USV,1
