Box_1,Box_2,Box_3,Box_4,Score,Type,Accept
384.817291259766,25,0.04638671875,9.0625,0.709470927715302,USV,1
490.997711181641,25.3125,0.02880859375,8.4375,0.728910863399506,USV,1
2567.18017578125,26.25,0.025634765625,6.25,0.717303276062012,USV,1
5664.9365234375,25.9375,0.044921875,8.125,0.739411056041718,USV,1
6165.1005859375,47.5,0.02880859375,6.875,0.767474412918091,USV,1
7851.9970703125,47.8125,0.02734375,6.25,0.713567614555359,USV,1
