Box_1,Box_2,Box_3,Box_4,Score,Type,Accept
7665.1259765625,17.5,0.08642578125,14.6875,0.727727174758911,USV,1
