Box_1,Box_2,Box_3,Box_4,Score,Type,Accept
15.7065668106079,28.125,0.13599967956543,8.125,0.711729466915131,USV,1
19.0453643798828,42.1875,0.0512008666992188,8.75,0.741291999816895,USV,1
30.0009536743164,43.4375,0.0512008666992188,6.875,0.730199813842773,USV,1
30.1049537658691,43.75,0.0496006011962891,6.25,0.726294040679932,USV,1
