Box_1,Box_2,Box_3,Box_4,Score,Type,Accept
337.384735107422,32.8125,0.02398681640625,10.625,0.716384053230286,USV,1
2372.87573242188,32.1875,0.038330078125,12.1875,0.730478048324585,USV,1
3256.95629882812,32.8125,0.0400390625,10.3125,0.715138912200928,USV,1
7537.92919921875,38.75,0.0224609375,8.4375,0.703297793865204,USV,1
7816.07666015625,33.75,0.02099609375,15.9375,0.733042061328888,USV,1
8473.0205078125,35.3125,0.0244140625,4.6875,0.733288705348969,USV,1
8560.30078125,24.6875,0.044921875,12.1875,0.739191472530365,USV,1
