Box_1,Box_2,Box_3,Box_4,Score,Type,Accept
84.7972412109375,28.125,0.129600524902344,8.4375,0.701977789402008,USV,1
115.296424865723,28.75,0.182403564453125,7.1875,0.715777933597565,USV,1
195.850540161133,27.1875,0.131195068359375,9.6875,0.729803383350372,USV,1
212.828094482422,28.4375,0.151992797851562,7.5,0.708462953567505,USV,1
