Box_1,Box_2,Box_3,Box_4,Score,Type,Accept
664.060546875,72.1875,0.0447998046875,9.375,0.725996315479279,USV,1
5689.3046875,46.5625,0.02099609375,4.375,0.715401351451874,USV,1
