Box_1,Box_2,Box_3,Box_4,Score,Type,Accept
162.785308837891,34.6875,0.048004150390625,13.4375,0.701880216598511,USV,1
297.271881103516,43.4375,0.025604248046875,5,0.743497431278229,USV,1
1049.88122558594,43.4375,0.02880859375,5.3125,0.776934266090393,USV,1
1071.11486816406,43.125,0.02880859375,5,0.717076539993286,USV,1
1248.06408691406,42.8125,0.025634765625,5.3125,0.702954113483429,USV,1
