Box_1,Box_2,Box_3,Box_4,Score,Type,Accept
574.697875976562,30.625,0.0416259765625,7.1875,0.72239875793457,USV,1
