Box_1,Box_2,Box_3,Box_4,Score,Type,Accept
4.18379497528076,43.75,0.0240001678466797,4.6875,0.74540114402771,USV,1
24.4403495788574,41.5625,0.0319995880126953,6.5625,0.720386981964111,USV,1
24.728328704834,43.125,0.0256004333496094,4.6875,0.710845649242401,USV,1
31.8591728210449,44.0625,0.0335807800292969,6.5625,0.717389106750488,USV,1
32.3487319946289,43.75,0.0288009643554688,5.9375,0.702788412570953,USV,1
32.5583305358887,43.4375,0.0288009643554688,5.625,0.830935180187225,USV,1
45.7320404052734,41.875,0.0271987915039062,8.125,0.775113165378571,USV,1
45.8504409790039,42.8125,0.0239982604980469,7.5,0.711317718029022,USV,1
49.3670539855957,43.125,0.0256004333496094,6.875,0.757861733436584,USV,1
